{"cameraMode":{"drawMode":0,"name":"Shaded","section":"Shading Mode"},"sceneLighting":false,"audioPlay":false,"sceneViewState":{"m_AlwaysRefresh":false,"showFog":true,"showSkybox":true,"showFlares":true,"showImageEffects":true,"showParticleSystems":true,"showVisualEffectGraphs":true,"m_FxEnabled":true},"in2DMode":false,"pivot":{"x":-21.49977684020996,"y":0.9999923706054688,"z":137.99996948242188},"rotation":{"x":-0.21527346968650819,"y":0.25701528787612917,"z":-0.05880115181207657,"w":-0.9405333995819092},"size":38.93911361694336,"orthographic":false}